Variables,Arkworks_ms,LinearTimeSC_ms,EvalProductSV_ms
4,0.188822,0.224061,17.040078
5,0.191466,0.457453,19.713086
6,0.255476,0.800363,24.28226
7,0.379413,1.0306980000000001,28.777362
8,0.840199,2.099719,48.541174999999996
9,1.854987,3.990329,77.605355
10,3.339075,8.066172,147.223051
11,7.088535,16.845751,266.831176
12,15.713186,34.605118,517.1033699999999
13,30.747336999999998,66.626455,1006.547848
14,62.175824999999996,128.984218,2007.25926
