Variables,Arkworks_ms,LinearTimeSC_ms,EvalProductSV_ms
4,0.30073099999999997,0.7781049999999999,19.491881
5,0.36257100000000003,1.124985,38.869694
6,1.107572,3.19047,76.584454
7,1.015728,3.2108499999999998,150.055378
8,2.18842,4.6192150000000005,194.682505
9,4.556985,10.227356,389.47723499999995
10,9.567615,16.504833,670.297069
11,19.395232,36.626036,1330.996517
12,31.127022,67.902514,2645.638759
13,55.877075,130.805163,6705.923978
14,145.527572,335.420586,12565.537783
