Variables,Arkworks_ms,LinearTimeSC_ms,EvalProductSV_ms
4,0.055518,0.129938,2.1501390000000002
5,0.061041,0.28162800000000004,8.063632
6,0.163821,0.22536499999999998,7.595949999999999
7,0.176067,0.467246,10.307278
8,0.317332,0.5964889999999999,12.630778000000001
9,0.6558459999999999,1.2922,20.597053
10,1.367766,2.6344749999999997,33.507996999999996
11,2.864167,4.894387,54.073029
12,5.730811,8.620525,98.24095
13,10.279349,18.620285,167.82677900000002
14,29.171378,49.118896,348.644222
