Variables,Arkworks_ms,LinearTimeSC_ms,EvalProductSV_ms
4,0.061778000000000007,0.236491,22.790556
5,0.143931,0.48967499999999997,24.500475
6,0.201912,0.572816,23.032662
7,0.382443,1.066349,34.618409
8,0.886101,2.167225,53.013221
9,1.8946939999999999,4.477209,90.282781
10,3.5611599999999997,8.308999,161.982204
11,7.901204,19.152718,306.49247
12,14.418116999999999,33.721776,601.35625
13,34.533194,67.193499,1020.3202289999999
