Variables,Arkworks_ms,LinearTimeSC_ms
4,0.079395,0.066399
5,0.120301,0.068873
6,0.057067,0.12174499999999999
7,0.07438199999999999,0.250546
8,0.157248,0.310134
9,0.44488500000000003,0.745368
10,1.03185,1.435219
11,1.941961,3.2185420000000002
12,3.434447,6.307295
13,7.321813,11.646466
14,12.946292,21.499913
