Variables,Arkworks_ms,LinearTimeSC_ms
4,0.041465999999999996,0.182555
5,0.05756,0.185126
6,0.11775100000000001,0.283878
7,0.22614099999999998,0.327579
8,0.257334,0.5159360000000001
9,1.1180649999999999,1.308087
10,1.370727,3.139056
11,3.3699369999999997,5.287501
12,6.23671,9.93655
13,10.184707,17.728460000000002
14,21.03542,35.593277
