Variables,Arkworks_ms,LinearTimeSC_ms,EvalProductSV_ms
4,0.259505,0.485848,83.667507
5,0.356016,0.765892,104.91357900000001
6,0.422103,1.423626,122.848034
7,0.7969989999999999,2.758353,172.30499799999998
8,1.532526,4.306957000000001,261.73383
9,3.66499,9.554122,471.062178
10,6.6001590000000006,19.295301000000002,853.095433
11,14.473303,38.023406,1651.126597
12,31.758931999999998,72.713396,3139.334457
13,61.278261,139.85101699999998,6246.246041
14,114.911647,282.17751200000004,12418.63648
