Variables,Arkworks_ms,LinearTimeSC_ms,EvalProductSV_ms
4,0.043481,0.11808300000000001,0.969561
5,0.084133,0.613143,2.820166
6,0.0902,0.22997800000000002,2.028828
7,0.174943,0.413738,4.9919780000000005
8,0.704517,1.5136749999999999,12.948576
9,0.8449869999999999,1.597426,17.601162
10,2.579619,6.2928630000000005,41.689035
11,5.0622799999999994,8.627692,85.80255700000001
12,10.532933,12.728533,174.644367
13,20.777276,28.940253,315.054276
14,39.209818,63.228595999999996,763.00089
