Variables,Arkworks_ms,LinearTimeSC_ms
4,0.060141,0.260972
5,0.081087,0.204986
6,0.10567900000000001,0.403403
7,0.25986,0.40527199999999997
8,0.413846,0.7911860000000001
9,0.7487699999999999,1.59274
10,1.482372,2.537465
11,3.0904570000000002,4.624696999999999
12,6.26576,11.654954
13,11.049598000000001,17.452721
14,20.875881999999997,31.87609
